username,comment,reply,retweet,like
Presidencia ECU,"El presidente 
@LassoGuillermo
, durante su primer día de actividades como Jefe de Estado, dedicó un momento para saludar, desde el balcón presidencial, a los ciudadanos ubicados en la Plaza de la Independencia. #GobiernoDelEncuentro",166,556,4.5K
Guillermo Lasso,"Hoy tuve la oportunidad de dialogar con 
@leopoldolopez
 y 
@liliantintori
, grandes líderes venezolanos comprometidos con la libertad y la democracia en la región. Agradezco su visita, Ecuador siempre tendrá sus puertas abiertas. 

#GobiernoDelEncuentro
#JuntosLoLogramos",581,874,4.2K
Guillermo Lasso,"Fue un honor recibir a representantes de 
@USembassyEC
 y 
@USAmbUN
, quien lidera la comitiva de EEUU. Estamos comprometidos con fortalecer las relaciones entre nuestros países. La cooperación es el camino para lograr bienestar en Ecuador.

#GobiernoDelEncuentro 
#JuntosLoLogramos",207,638,2.8K
Guillermo Lasso,"Esta noche mantuvimos la primera reunión del Consejo de Seguridad, donde se estableció la importancia de la cooperación integral para garantizar un Ecuador seguro. 

Hice un compromiso y hoy comienzo a cumplirlo: trabajar por la seguridad de los ciudadanos. 

#JuntosLoLogramos",368,1.1K,5.8K
Guillermo Lasso,"El Decreto que elimina los registros de crédito con deudas vencidas menores a $1.000 es clave para la reactivación económica de las familias ecuatorianas.

Reiteramos nuestro compromiso de una gestión responsable y solidaria.

#GobiernoDelEncuentro
#JuntosLoLogramos",256,875,3.5K
Guillermo Lasso,"El #GobiernoDelEncuentro, a su servicio. 

#JuntosLoLogramos",375,1.3K,8.8K
Guillermo Lasso,"Empieza el cambio, bienvenidos al Ecuador del Encuentro. 

¡GRACIAS ECUADOR! 

#GobiernoDelEncuentro
#JuntosLoLogramos",1.1K,5.7K,26.3K
Guillermo Lasso,"“Este 24 de mayo de 2021, empezamos a construir la cultura del ENCUENTRO y de la RECONCILIACIÓN en el Ecuador.
Es momento de trabajar juntos, por los graves problemas, que hoy enfrenta nuestra nación.” - 
@GuadalupeLlori
, Presidenta de la Asamblea Nacional. 

#JuntosLoLogramos",125,620,3.6K
Guillermo Lasso,"En el Gobierno del encuentro, 
@MarceloHCabrera
 se unirá como Ministro de Transporte y Obras Públicas. Tendrá a su cargo una importante cartera de Estado para promover oportunidades de crecimiento y modernización. Impulsaremos la reactivación y obras de desarrollo. ",234,337,1.9K
Guillermo Lasso,"El Secretario General de Comunicación será 
@Edu_Bonilla
. Por más de 15 años Eduardo ha trabajado en este proyecto político: en el Plan de Gobierno, en territorio y en la comunicación de la campaña. 100% comprometido, dedicado, y con voluntad de trabajar por el cambio.",160,281,1.5K
Guillermo Lasso,"Hace más de 30 años trabajo junto a Iván Correa, próximo Secretario General de la Administración Pública. Doy fe que es un gran profesional, que desde el inicio de este proyecto político estuvo presente, apoyando cada paso en este camino hacia #ElEcuadorDelEncuentro. ",106,258,1.5K
Guillermo Lasso,"El espíritu emprendedor y luchador de los ecuatorianos lo veo reflejado en 
@nielsolsenp
, futuro Ministro de Turismo. Ecuador tiene un gran potencial turístico que debemos aprovechar. Saldremos adelante, reactivando al sector con promoción y respiro financiero.

¡Encontrémonos! ",94,234,1.4K
Guillermo Lasso,"Es con profunda emoción que hoy he venido hasta aquí acompañado de mi esposa María de Lourdes, mis hijos y mi familia. Muchas gracias por estar en los momentos más difíciles. Ellos han hecho este recorrido conmigo, sosteniéndome en cada paso con su apoyo incondicional.",331,677,5K
Guillermo Lasso,"El 47% votó por justicia económica, social y política. Por un país más equitativo y más solidario, valores y principios que compartimos. 
 
Pero no es cierto que hayan votado por la impunidad, ni por la corrupción, ni por la intromisión en decisiones judiciales.",252,545,2.4K
Guillermo Lasso,"El 11 de Abril, Ecuador expresó su voluntad de cambiar. Muchos vinieron con el regalo de la gobernabilidad, hablaron del 47% que no votó por nosotros. Nunca aceptaré que se use a esos ecuatorianos y sus justísimos anhelos como moneda de cambio en un trueque político.",465,766,3.7K
Guillermo Lasso,"Las credenciales de Presidente de la República representan sueños, ideas y la confianza de todo un país que anhela bienestar. 

Estoy aquí, dispuesto a trabajar con el mismo idealismo que ha guiado mi lucha desde la niñez.

¡ECUADOR DECIDIÓ CAMBIAR! ",401,639,3.2K
Guillermo Lasso,"Hoy celebramos la exitosa culminación de un proceso electoral que se llevó a cabo de forma eficiente. Agradezco a las instituciones involucradas y a cada ecuatoriano que ejerció su derecho al voto. Como ciudadano, les digo GRACIAS de corazón por esta jornada democrática. ",142,427,2.2K
Guillermo Lasso,"Es un orgullo anunciar que el Gobernador de Manabí será 
@juanfra_nunez
, un defensor de la libertad, con quien he trabajado desde el inicio de este proyecto político en 2009. Confío en que su gestión devolverá la esperanza a los manabitas con una labor inclusiva y transparente. ",187,464,2.5K
Guillermo Lasso,"Los daños causados por los ríos desbordados en Cuenca son graves. Familias necesitan atención urgente. El Dr. 
@ABorreroVega
 estará apoyando en las zonas afectadas. Fortaleceremos la gestión de riesgos y emergencias para tener una mayor capacidad de reacción.",107,317,1.7K
Guillermo Lasso,"A las 10h30 los invito a ser parte de la entrega de credenciales de Presidente y Vicepresidente de la República por parte del 
@cnegobec
.

Acompáñennos a celebrar la democracia y la voluntad popular. 

FB https://web.facebook.com/LassoGuillermo/posts/5556234064417791…
YT https://youtu.be/uBuNa5Ghp5o

#ElEcuadorDelEncuentro",153,371,1.7K
Guillermo Lasso,"Desde el Ministerio de Salud Pública, 
@XimenaGarzon11
 trabajará por vacunar a los ecuatorianos y fortalecer la atención en hospitales y centros de salud a nivel nacional. 

El sistema de salud en Ecuador será eficiente y transparente.  

#EncontrémonosPorLaSalud",199,246,1.3K
Guillermo Lasso,"Los ministros del Frente Social tienen como objetivo mejorar la calidad de vida de los ecuatorianos bajo una visión de bienestar y solidaridad. 

En el Ecuador del encuentro, dialogamos y trabajamos por el cambio. ",197,254,1.5K
Guillermo Lasso,"Hoy recuerdo con mucho cariño a mi mamá Nora Mendoza. Estoy agradecido por todas sus enseñanzas y el amor incondicional. Asimismo, celebro a María de Lourdes, la luz y guía de nuestras vidas, a mi hija Luli, a mis nueras y a todas las madres de mi familia. 

#DíaDeLaMadre",126,363,4K
Guillermo Lasso,"Las madres son valientes, decididas y luchadoras. Ellas salen adelante con mucho esfuerzo y trabajo. Su fortaleza es motivo de celebración y conmemoración. Cuenten con nosotros siempre, estamos comprometidos con crear oportunidades y asegurar su bienestar. 

¡Feliz #DíaDeLaMadre!",107,433,2.5K
Guillermo Lasso,"Junto a 
@BernardaOM
 enfocaremos los esfuerzos en la lucha contra la violencia y la ejecución de políticas públicas de bienestar. 

La Secretaría de DDHH tendrá sus puertas abiertas para dialogar y construir juntos un mejor país. 

#EncontrémonosPorLosDerechosHumanos",104,207,1K
Guillermo Lasso,"Es un orgullo para nosotros ver a nuestros hijos convertirse en grandes profesionales. María Mercedes, la menor, hoy se graduó de la universidad.

Mis 5 hijos ya están graduados, siento una inmensa felicidad verlos crecer cada día y cumplir sus metas.",1.1K,1K,17.3K
Guillermo Lasso,"Con gran responsabilidad y sentido social, llevaremos a cabo nuestro Plan de Gobierno y caminaremos juntos hacia el Ecuador del encuentro. ",222,390,2.1K
Guillermo Lasso,"“El Ecuador del encuentro empieza por un gran proceso de reconciliación nacional” - 
@BernardaOM
. 

En la Secretaría de Derechos Humanos y en todas las carteras de Estado tenemos el compromiso de tender puentes de diálogo para juntos salir adelante. ",137,159,892
Guillermo Lasso,"Expresamos nuestras más sinceras condolencias al Asambleísta 
@MarceloSimbana
 y a sus familiares por la dolorosa pérdida de su padre Abdón Simbaña. Que Dios lo tenga en su gloria y que descanse en paz.",28,54,501
Guillermo Lasso,"Trabajaremos desde la Secretaría de DDHH junto a 
@BernardaOM
 para:

 Luchar contra la violencia hacia las niñas y mujeres
 Aplicar políticas públicas que impulsen la economía violeta
 Fortalecer la educación, salud y justicia 
 La plena vigencia de todos los DDHH",235,288,1.8K
Guillermo Lasso,"Las luchas de los trabajadores deben ser reconocidas y sus esfuerzos debidamente recompensados. La meta es empleos dignos, bien pagados y con seguridad social. Este #1deMayo ratificamos el compromiso de garantizar los derechos laborales y crear oportunidades.

#DíaDelTrabajador",843,1K,6.3K
Guillermo Lasso,"La revalorización de los docentes será una prioridad para el Ministerio de Educación. Ratificamos nuestro compromiso de trabajar por un sistema educativo que brinde bienestar para todos. 

#EncontrémonosPorLaEducación",473,307,1.5K
Guillermo Lasso,"Vamos a transformar el sistema educativo. Trabajaremos por:

 Renovar la infraestructura física y tecnológica de las escuelas y colegios rurales
 Apoyo y revalorización de los docentes
 Impulsar una educación moderna y como derecho humano

#EncontrémonosPorLaEducación ",755,737,4.4K
Guillermo Lasso,"Prospera Ecuador es un programa de ayuda económica que se llevará a cabo desde el MIES, bajo la dirección de 
@maemontanov
, para familias en situaciones vulnerables.",131,211,971
Guillermo Lasso,"Como gobierno, las puertas siempre estarán abiertas. Fortaleceremos la relación con los ciudadanos a través de la transparencia de la información, canales abiertos de comunicación y un servicio de calidad. Lucharemos por el bienestar de todos los ecuatorianos. ",82,125,844
Guillermo Lasso,"Desde el Ministerio de Inclusión Económica y Social, 
@maemontanov
 tendrá las siguientes prioridades: 

 Protección y movilidad social 
 Combatir la desnutrición crónica infantil 
 Apoyo integral a mujeres en emprendimiento, conciliación familiar y corresponsabilidad",77,198,1.3K
Guillermo Lasso,"La función pública nos llama a ser ejemplares, a conversar abiertamente con la ciudadanía y a incluir sus ideas y propuestas. En este gobierno, la transparencia y la profunda vocación de servicio regirán el trabajo. 

¡Este es el Ecuador del encuentro! ",316,363,2.4K
Guillermo Lasso,"El Ecuador del encuentro es una nueva forma de hacer política, una que escucha y pone al ciudadano en el centro del servicio público. ",188,218,1.3K
Guillermo Lasso,"Los Ministros del Frente Social 

https://vm.tiktok.com/ZMeCkKcNt/",326,552,3.3K
Guillermo Lasso,"Agradezco al Presidente 
@EmmanuelMacron
 por sus buenos deseos para el Ecuador. Fortaleceremos la cooperación con Francia a través de una visión de desarrollo, bienestar y prosperidad. Celebro este compromiso de robustecer nuestra relación bilateral. ",133,680,4.7K
Guillermo Lasso,Desde la Presidencia tendremos una Unidad Coordinadora de Vacunación dirigida por un empresario ecuatoriano que asumirá la tarea de apoyar al sistema de salud y al gobierno en el proceso de vacunación.,422,814,5.3K
Guillermo Lasso,"Para nuestro gobierno será un honor contar con el liderazgo y preparación de la Dra. 
@XimenaGarzon11
 en el Ministerio de Salud. 

Tenemos el reto más grande y noble: salvar el futuro de un país entero. Estamos seguros que lo vamos a lograr, la salud de las familias es prioridad.",227,642,2.6K
Guillermo Lasso,"En la Secretaría del Deporte, que pronto será llamado Ministerio del Deporte, estará a cargo 
@SebasPalaciosSP
. 

El deporte es un factor de Encuentro en la sociedad. Con su liderazgo, implementaremos proyectos que impulse a los héroes deportivos del presente y del futuro.",183,583,2.9K
Guillermo Lasso,".
@maemontanov
 va a liderar el Ministerio de Inclusión Económica y Social. 

Atenderá a los ecuatorianos más necesitados, aquellos que se encuentran en situación de vulnerabilidad. Trabajará por erradicar la desnutrición infantil, la pobreza y el hambre.",519,1.1K,6.2K
Guillermo Lasso,"Desde sus espacios, ellos se han dedicado a crear oportunidades y a luchar cada día por un mejor futuro. El Ecuador nos llama a ser funcionarios ejemplares. Como gobierno, tenemos la oportunidad de demostrar que la buena política puede lograr bienestar y seguridad para todos.",12,110,644
Guillermo Lasso,"El país se expresó a favor de una nueva forma de hacer política, una que pone a los ciudadanos en el centro del servicio público, y a la que nosotros denominamos el Ecuador del Encuentro. Hoy presento a los ministros del Frente Social, ciudadanos comprometidos con el cambio. ",106,268,1.9K
Guillermo Lasso,"Acaba de fallecer el cantante indígena Jesús Fichamba de COVID-19, quien nos deja un gran legado con la composición de La Pinta, La Niña y La Santa María y varios éxitos artísticos. Mis más sinceras condolencias a sus seres queridos, que descanse en paz.",202,946,6.3K
Guillermo Lasso,"Hoy a las 11h00, desde la ciudad de Quito, presentaremos a los ministros del Frente Social. Contamos con ciudadanos valiosos y comprometidos con el país. 

En mis redes sociales podrán unirse a la transmisión en vivo. 

YT: https://youtu.be/fvak2kCvDzE
FB: https://web.facebook.com/LassoGuillermo/posts/5438253582882507…",83,228,1K
Guillermo Lasso,"Sigo con optimismo y con la voluntad de servir a los ecuatorianos. Estoy trabajando para formar el mejor equipo de gobierno que nos permita lograr un verdadero cambio. El Ecuador del encuentro es prosperidad, oportunidades y bienestar. 

: 
@ecuavisa
.",258,357,2.7K
Guillermo Lasso,"Tenemos la responsabilidad de cuidar la tierra, nuestro hogar. Los invito a conocer más de cómo vamos a impulsar el liderazgo ambiental de Ecuador en: https://guillermolasso.ec/wp-content/uploads/2021/03/Lasso-Plan-Ecuador-Verde.pdf…

#DíaDeLaTierra",39,109,658
Guillermo Lasso,"◦ Promover la responsabilidad social empresarial 
◦ Fomentar la economía circular
◦ Ecuador 3R (reducir, reutilizar y reciclar)
◦ Forestación, reforestación y cuidado de manglares
◦ Control Forestal Satelital
◦ Respeto a las zonas intangibles
◦ Educación verde",84,208,1.2K
Guillermo Lasso,"#DíaDeLaTierra

Ecuador enfrenta problemas ecológicos con repercusiones que se sienten en todo el país. Es fundamental promover políticas públicas de protección al ambiente y a las comunidades. Estas son unas de nuestras propuestas. 

◦ Transición energética renovable",135,335,2.1K
Alfredo Borrero,Hoy empezó el proceso de transición y desde ya nos encontramos trabajando para el futuro del Ecuador. Este es el inicio del cambio.,249,375,3.2K
Guillermo Lasso,"Este es el inicio del camino hacia un verdadero cambio. El Ecuador del encuentro lo construimos todos juntos, trabajando de la mano con los ciudadanos, quienes realmente tienen el poder de lograr un mejor país. 

GRACIAS, en mí tendrán a un Presidente que siempre los apoye.",361,937,6.1K
Guillermo Lasso,"Gracias Presidente 
@sebastianpinera
. Es un honor poder servir a las familias ecuatorianas. Estamos listos para trabajar juntos por el progreso de toda la región. Chile y Ecuador continuarán unidos por la prosperidad de Latinoamérica. Un fuerte abrazo a los hermanos chilenos.",198,1.1K,8.3K
Guillermo Lasso,"Muchas gracias Presidente 
@IvanDuque
 por su compromiso con fortalecer la relación entre Colombia y Ecuador. Gracias por su invitación al país, desde ya empieza el trabajo por una América Latina más próspera y democrática.",165,1.3K,7.7K
Guillermo Lasso,"Acabo de recibir la llamada de 
@ecuarauz
 para felicitarme por el triunfo de todos los ecuatorianos. Gracias por ratificar tu compromiso con el fortalecimiento de la democracia en nuestro país. 

Con El Ecuador del Encuentro ganamos todos. ",2.3K,7.9K,50.6K
Guillermo Lasso,"Este 11 de Abril, el ECUADOR ES PRIMERO. 

Necesitamos de ti para construir ese país que tanto soñamos y queremos para las futuras generaciones, uno con empleo, salud, bienestar y seguridad. 

#JuntosLoEstamosLogrando",117,764,3K
Guillermo Lasso,"Me emociona tanto apoyo de los ecuatorianos. Con nuestro voto tenemos el instrumento más poderoso para que se cumplan nuestros sueños. 

Este domingo 11 de abril, encontrémonos por el Ecuador.

#QueTuVozCuenteEstaVez
#JuntosLoEstamosLogrando",322,1.1K,4.4K
Guillermo Lasso,"Por un Ecuador con igualdad de oportunidades, donde cada ecuatoriano tendrá la certeza de que contará con un Presidente que siempre los apoye, te invito a encontrarnos para lograrlo. 

Unidos vamos a construir un mejor país para todos. #JuntosLoEstamosLogrando",166,740,2.4K
Guillermo Lasso,"Estamos a 24 horas de lograr un verdadero cambio. 

#JuntosLoEstamosLogrando",614,2.1K,8.4K
Guillermo Lasso,"Por un país moderno y globalizado, con libertad para emprender, atraer inversión y crear empleo, este domingo 11 de Abril ENCONTRÉMONOS PARA LOGRARLO. 

¡GRACIAS ECUADOR! 

#JuntosLoEstamosLogrando",202,842,2.9K
Guillermo Lasso,"CIERRE DE CAMPAÑA EN GUAYAQUIL. 

Los invito a este encuentro por el Ecuador desde mis redes sociales a la 1:00 PM. ¡EL CAMBIO VIENE! 

FB: https://facebook.com/LassoGuillermo/videos/472190753922669/…
YT: https://youtu.be/k_kyNzLz8a8

#JuntosLoEstamosLogrando 
#EncontrémonosParaLograrlo",118,404,1.7K
Guillermo Lasso,"En 3 días, nos unimos por el cambio. 

¡Juntos lo lograremos!

#JuntosLoEstamosLogrando 
#EncontrémonosParaLograrlo",193,837,3.2K
Guillermo Lasso,"Este es el Ecuador del encuentro. 

El cambio está cerca y el país nos necesita más unidos que nunca para lograrlo. 

#JuntosLoEstamosLogrando
#EncontrémonosParaLograrlo",100,490,1.6K
Guillermo Lasso,"Mi padre y la vida me enseñaron a querer y a estar agradecido con Quito. 

Este es mi mensaje a la ciudad y a todo el Ecuador a pocos días de las elecciones.

#JuntosLoEstamosLogrando
#EncontrémonosParaLograrlo",324,1.2K,4K
Guillermo Lasso,"Por las calles de Quito y en todo el Ecuador, la gente festeja porque el 11 de abril EL CAMBIO ES IMPARABLE. 

Este domingo, el futuro del país está en tus manos. Tu voto cambiará la historia y logrará que salgamos adelante. ¡SIN MIEDO A LOGRARLO!

#JuntosLoEstamosLogrando",303,921,3.8K
Guillermo Lasso,"Esta elección se trata del Ecuador, de tu futuro y el de tu familia. Con mucho entusiasmo, el domingo 11 de abril vamos a cambiar la historia juntos. ¡Cuento con ustedes! 

#JuntosLoEstamosLogrando",124,607,2.2K
Guillermo Lasso,"¡Hemos recorrido todas las provincias de la Amazonía! Ayer en Zamora Chinchipe sentí más que nunca las ganas de trabajar unidos por el cambio.

GRACIAS, mil veces gracias por su apoyo. Estamos aquí por ustedes y para lograr juntos un mejor Ecuador. 

#JuntosLoEstamosLogrando ",138,630,2.6K
Guillermo Lasso,"Juntos podemos más. 

Todos los logros de mi vida significan muy poco comparados con el honor de servirlos. 

Este 11 de Abril, les pido de todo corazón que nos den esa oportunidad, votando por nosotros.

#JuntosLoEstamosLogrando 
#EncontrémonosParaLograrlo",331,1.2K,3.6K
Guillermo Lasso,"Cuento con ustedes para lograr juntos este gran cambio. 

#JuntosLoEstamosLogrando ",847,2.4K,9.9K
Guillermo Lasso,"Crearemos un programa de capacitación e impulso en temas tecnológicos y de programación para mujeres de todas las edades. Así lograremos promover su liderazgo en carreras científicas y tecnológicas.  

#JuntosLoEstamosLogrando",103,441,1.4K
Guillermo Lasso,"La lucha por la igualdad y la erradicación de la violencia serán POLÍTICA DE ESTADO. 

Vamos por un Ecuador seguro, justo y más igualitario, donde todas las mujeres puedan caminar libres y sin miedo. 

#JuntosLoEstamosLogrando",97,490,1.6K
Guillermo Lasso,"GRACIAS LOJA, PUDE SENTIR SU APOYO. 

Les agradezco sus ideas y propuestas de igualdad de oportunidades, llevar agua potable, crear empleo para las comunidades en zonas rurales y dar educación de calidad a los niños y jóvenes. 

Con entusiasmo, #JuntosLoEstamosLogrando. ",120,524,2.3K
Guillermo Lasso,"El PLAN EQUIDAD RURAL ofrece a los agricultores:

 Asociatividad y mejores precios 
 Capacitación y asistencia técnica 
 Riego parcelario y maquinaria gratuita
 Salud, educación y vivienda  

¡Encontrémonos por el desarrollo de la agricultura!

#EncontrémonosParaLograrlo",81,364,1K
Guillermo Lasso,"Hoy, desde Esmeraldas, me comprometo a que en mi Gobierno crearemos la Secretaría Técnica del Decenio Para Los Afrodescendientes para garantizar la resolución de la ONU que promueve el ejercicio de los derechos y las libertades del pueblo afrodescendiente.",389,1K,4.7K
Guillermo Lasso,"Daremos capital y capacitaciones a emprendedores a través de la iniciativa Fondo Semilla. Miles de ecuatorianos tendrán sus propios negocios y serán generadores de empleo. 

¡Juntos lo estamos logrando! 

#EncontrémonosParaLograrlo",103,429,1.3K
Guillermo Lasso,"Estamos logrando el despertar de nuestro país. Gracias por su apoyo, el cambio está cerca. 

#EncontrémonosParaLograrlo",374,1.2K,4.9K
Guillermo Lasso,"Construiremos un Ecuador con trabajos dignos y bien pagados para todos. En nuestro gobierno, padres y madres, jóvenes, mujeres y adultos mayores cumplirán sus sueños en un país de oportunidades. 

¡Lo estamos logrando! 

#EncontrémonosParaLograrlo",130,467,1.4K
Guillermo Lasso,"En 8 días, ENCONTRÉMONOS POR EL ECUADOR. 

#EncontrémonosParaLograrlo ",312,964,3.8K
Guillermo Lasso,"Hace un año con 
@SalvarVidasEC
 empezamos a llevar insumos médicos a hospitales y centros de salud en los 221 cantones del Ecuador. 

Muchas gracias a los ecuatorianos que se han unido a esta causa. Nuestra labor para salvar vidas continúa.  

#EncontrémonosParaLograrlo",124,456,1.4K
Guillermo Lasso,"El Plan #EcuadorEsDeporte tiene 3 ejes: deporte como forma de vida, ecosistema y generador de referentes. ¡Juntos lo vamos a lograr! 

Gracias a todos los participantes y a 
@SebasPalaciosSP
 por impulsar este encuentro por el deporte. 

#EncontrémonosPorElDeporte",40,174,667
Guillermo Lasso,"El deporte es bienestar. En Quito recibimos el Plan #EcuadorEsDeporte, hecho por la sociedad civil, deportistas y expertos. En el país hay talento inigualable que necesita apoyo y estas propuestas son el camino. 

Tienen mi compromiso para lograrlo, #EncontrémonosPorElDeporte. ",72,345,1.4K
Guillermo Lasso,"Hay talento y grandes niños y jóvenes que ponen al Ecuador en el mapa mundial del deporte. 

Apoyaremos a los deportistas con becas en universidades ecuatorianas, oportunidades de empleo y acompañamiento integral durante toda su carrera deportiva. 

#EncontrémonosPorElDeporte ",80,415,1.3K
Sebastián Palacios,"Si bien acercamos a los dos candidatos el documento, 
@LassoGuillermo
 lo quiso recibir en persona y conversar con deportistas e integrantes del consejo consultivo  A partir de las 12h00 pueden seguir la transmisión en vivo desde http://facebook.com/SebasPalaciosSP",27,148,632
Guillermo Lasso,"Les comparto esta entrevista junto a 
@LoganMois
. ¡Espero que la disfruten!

https://youtu.be/c9xVgx5imBg

#EncontrémonosParaLograrlo",142,498,1.7K
Guillermo Lasso,"A todos los emprendedores ecuatorianos: sueñen y emprendan. Nosotros impulsaremos su liderazgo con menos trabas y más libertad. Muchas gracias a la 
@aeiecuador
 y 
@Hora25Ec
 por promover este encuentro. 

#EncontrémonosParaLograrlo",195,490,1.9K
Guillermo Lasso,"Asumo el compromiso con la 
@aeiecuador
 de impulsar el emprendimiento. Trabajaremos con la sociedad civil para apoyar a los emprendedores y a la innovación. En mí van a encontrar a un Presidente que promoverá la libertad para emprender y el empleo.

#EncontrémonosParaLograrlo",226,735,3.2K
Guillermo Lasso,"En nuestro gobierno, todos los jóvenes tendrán la oportunidad de estudiar la carrera que ellos quieran.

Garantizar el derecho a la educación es apoyar la libertad para estudiar.

: ⁦
@aeiecuador
⁩, ⁦
@Hora25Ec
⁩.

#EncontrémonosParaLograrlo",93,337,1K
Guillermo Lasso,"Los emprendimientos crean empleos y reactivan la economía. Fondo Semilla es nuestra iniciativa para apoyar el espíritu emprendedor de los ecuatorianos.

: ⁦
@aeiecuador
⁩, ⁦
@Hora25Ec
⁩. 

#EncontrémonosParaLograrlo",96,361,1K
Guillermo Lasso,"Incrementaremos el presupuesto en investigación y desarrollo. Es el camino para impulsar el emprendimiento y la innovación. 

: ⁦
@aeiecuador
⁩, ⁦
@Hora25Ec
⁩.

#EncontrémonosParaLograrlo",58,247,862
Guillermo Lasso,"Con conectividad, podemos hablar de educación. 

Vamos a garantizar acceso a internet en zonas rurales y urbanas.

: ⁦
@aeiecuador
⁩, ⁦
@Hora25Ec
⁩.

#EncontrémonosParaLograrlo",55,217,714
Guillermo Lasso,"¡Continuamos nuestro recorrido en Los Ríos!

Aumentaremos los ingresos de las familias en Mocache con trabajos bien remunerados, iniciativas de emprendimiento y créditos baratos. Sueñan con un futuro seguro y lo vamos a lograr. 

Gracias por recibirnos en su hogar. ",101,318,1.4K
Guillermo Lasso,"La violencia hacia las mujeres en el campo y la ruralidad es grave. No podemos quedarnos con los brazos cruzados ante lo que atraviesan cada día. 

La lucha por la igualdad y la erradicación de la violencia serán políticas de Estado.

#EncontrémonosParaLograrlo",66,309,1K
Guillermo Lasso,"Los Ríos es una provincia agrícola con mucho potencial. Hoy me reuní con familias que se dedican a la agricultura en Valencia, conocí de su trabajo diario y sus preocupaciones. 

El Agro necesita apoyo integral, bienestar y EQUIDAD. Vamos a reactivar la economía rural. ",156,365,1.6K
Guillermo Lasso,"PLAN EQUIDAD RURAL ES 

 EDUCACIÓN
 SALUD
 SEGURIDAD 
 VIVIENDA
 EMPLEO 

Invertir en el campo y la ruralidad es el camino para lograr bienestar en todo el Ecuador.

#EncontrémonosParaLograrlo",147,468,1.4K
Guillermo Lasso,"Miles de agricultores como Roberto viven una situación insostenible. Hay que trabajar por un sector agrícola FUERTE, con acceso a créditos baratos, capacitación y asistencia técnica. 

Lograremos que el agro aumente su productividad y competitividad. 

#EncontrémonosParaLograrlo",120,345,1.1K
Guillermo Lasso,"En Pichincha tuvimos maravillosos encuentros con miembros de comunidades indígenas y representantes de cooperativas de ahorro y crédito. En la tarde compartimos con jóvenes. 

TODOS queremos un Ecuador con bienestar, #EncontrémonosParaLograrlo. 

¡GRACIAS! ",117,279,1.1K
Alfredo Borrero,"Nos reunimos con el Secretario del Estado de Maryland y conversamos sobre futuras capacitaciones de manejo de crisis y desastres para nuestros médicos y militares. Maryland tiene la Academia Naval más grande del país y el mejor hospital de Estados Unidos, Johns Hopkins Hospital.",88,416,1.3K
Guillermo Lasso,"Los ecuatorianos ponemos la familia en el corazón como motor para luchar. 

Por eso crearemos empleos bien pagados que apoyen a la economía de los hogares. Padres y madres con trabajo logran bienestar, seguridad y felicidad.

#EncontrémonosParaLograrlo",132,346,1.2K
Guillermo Lasso,"El Dr. 
@ABorreroVega
 se encuentra trabajando para cumplir nuestra meta de vacunar a los ecuatorianos. Tendremos un Plan de Vacunación transparente, eficiente y solidario, tomando como referente a países como Estados Unidos y Chile. 

#EncontrémonosPorLaSalud",172,562,2K
Alfredo Borrero,Hoy junto con el taskforce de vacunación estuvimos compartiendo criterios médicos con el equipo del Dr. Fauci y recibimos asesoramiento para la lucha contra el Covid-19 del National Institute of Allergy and Infectious Diseases de USA.,96,450,1.8K
Guillermo Lasso,"Sé que eres una persona trabajadora que lucha cada día por sus sueños. Por eso estoy aquí, para apoyarte y juntos salir adelante. 

SIN MIEDO A LOGRARLO. 

#Tandanakushun
#EncontrémonosConPueblosYNacionalidades",192,670,2.4K
Guillermo Lasso,"El agua es un recurso que debe ser valorado y consumido conscientemente. Es vital y urgente protegerlo para que todos los ecuatorianos accedan a agua limpia y de calidad. 

¡AGUA PARA EL ECUADOR! 

#EncontrémonosParaLograrlo
#DíaMundialDelAgua",80,204,776
Guillermo Lasso,"Iniciamos el día en 
@ecuavisa
 y una cadena con radios de la Costa. Esta semana continuaremos encontrándonos con ecuatorianos en todo el país para lograr juntos un verdadero cambio. 

¡Feliz lunes! Faltan 20 días para las elecciones. 

#EncontrémonosParaLograrlo",166,310,1.9K
Guillermo Lasso,"Encontrémonos por un Ecuador democrático, libre, con bienestar y felicidad para todos. 

#EncontrémonosParaLograrlo",251,630,2.7K
Guillermo Lasso,Muchas gracias a los ecuatorianos detrás de escena de la organización del debate. Son unos grandes. ,573,1.4K,8.7K
Guillermo Lasso,Ahí está tu respuesta Arauz.,995,2.1K,6.8K
Guillermo Lasso,"Apoyaremos el ingreso inmediato de Ecuador a la Alianza del Pacífico y la suscripción de acuerdos comerciales con Estados Unidos, Japón, Corea del Sur y más países del mundo. 

La apertura económica es inversión y miles de empleos. 

#EncontrémonosParaLograrlo",150,855,3.3K
Guillermo Lasso,"Ellos crearon impuestos especiales para las provincias afectadas por el terremoto de 2016. ¿Dónde está ese dinero? Robado por la corrupción. 

#AndrésNoMientasOtraVez",231,1K,2.7K
Guillermo Lasso,"Debatamos con ideas y propuestas. Los espero en #EcuadorDebate2021. 

https://vm.tiktok.com/ZMeAN68KT/",501,1K,3.6K
Guillermo Lasso,"Encontrémonos por un Ecuador seguro, justo e igualitario para todas las niñas y mujeres. 

#EncontrémonosParaLograrlo",151,380,1.2K
Guillermo Lasso,"Reitero mi posición de exigir transparencia y solidaridad en el proceso de vacunación. Nadie de mi familia, ni mi equipo de campaña se ha vacunado.",703,1.4K,3.7K
Guillermo Lasso,"Cuenten conmigo, trabajaremos todos unidos por ese Ecuador del encuentro, donde cada familia pueda avanzar, prosperar y cumplir sus sueños. 

#EncontrémonosParaLograrlo",137,402,1.4K
Guillermo Lasso,"Encontrémonos por ti, tu familia y el sueño de un Ecuador con bienestar, oportunidades y felicidad para todos. 

#EncontrémonosParaLograrlo",87,273,854
Guillermo Lasso,"Esta semana nos encontramos con jóvenes y comunidades que buscan un Ecuador diferente, un país que promueva el respeto y la unión. 

Muchas gracias por estos maravillosos encuentros en Pichincha, Cotopaxi, Tungurahua y Guayas. ¡Sigamos sumando! 

#EncontrémonosParaLograrlo",104,220,921
Guillermo Lasso,,58,285,821
Guillermo Lasso,"Aquí mi COMPROMISO FIRMADO por las MUJERES Y NIÑAS.

Para ser el país moderno, desarrollado y próspero que queremos, es fundamental que resolvamos la inequidad, discriminación y violencia que soporta el 50% de nuestra población, las niñas y mujeres.

#EncontrémonosParaLograrlo",215,736,2.2K
Guillermo Lasso,"Francisco, planteamos capacitación a la Policía y la Fiscalía sobre crímenes de odio contra personas LGBTIQ+ para que exista un adecuado tratamiento e investigación de estos terribles delitos que no deben darse. Queremos un Ecuador sin discriminación. 

#EncontrémonosParaLograrlo",48,105,465
Vamos Guillermo,"Guillermo rechaza rotundamente lo sucedido en el Club de Rotarios. Los trolls de 
@ecuarauz
 no perdieron tiempo y ya están circulando una imagen falsa. ",66,277,407
Guillermo Lasso,"Lo ocurrido en el Club de Rotarios es inaceptable, hay que trabajar por una sociedad sin privilegios. Es nuestro deber ser solidarios con la salud de los más vulnerables. El proceso de vacunación tiene que ser transparente y con certezas para todos los ecuatorianos.",1.4K,1.9K,7.1K
Guillermo Lasso,"GRACIAS CUTUGLAGUA. 

Comunidades indígenas, mestizas, montubias y afrodescendientes, todas unidas por el ENCUENTRO ENTRE ECUATORIANOS, apoyan la propuesta de desarrollo local, bienestar y reactivación económica para la Sierra. 

#EncontrémonosParaLograrlo",125,330,1.1K
Guillermo Lasso,"Hoy a las 20h00 compartiremos nuestras propuestas con distintos sectores de la sociedad civil. Los espero en una transmisión EN VIVO a través de mis redes sociales. 

ENCONTRÉMONOS PARA LOGRARLO. ",80,219,814
Guillermo Lasso,Mi solidaridad y apoyo a quienes han sufrido ataques por pensar diferente. Mi propuesta es encontrarnos entre ecuatorianos con una causa común: el amor por nuestro país. Unidos no volverá jamás el odio ni la intolerancia.,966,1.7K,6.6K
Guillermo Lasso,"Fue un gusto compartir con la Asociación de Productores Agrícolas Autónomos en Santa Lucía. 

Conversamos sobre riego parcelario, semillas gratuitas, créditos baratos e incentivos para el comercio y la inversión. 

Encuentros como este fortalecen a la agroindustria, GRACIAS. ",111,320,1.3K
Guillermo Lasso,"Seguimos escuchando historias de la ruralidad y las luchas por un cambio verdadero. 

A muchos padres y madres les quita el sueño no poder dar educación a sus hijos. Es una realidad preocupante que cambiaremos creando empleos bien pagados y garantizando educación de calidad. ",127,339,1.1K
Guillermo Lasso,"La dolarización se fortalece con una economía abierta al mundo que promueva el comercio y la inversión. 

#EncontrémonosParaLograrlo",222,570,1.8K
Guillermo Lasso,"Es una buena noticia contarles que ayer firmamos un compromiso con  “Todos Por Los Animales EC”, iniciativa que lucha por el bienestar animal. 

Trabajaremos para impulsar proyectos en beneficio de los animales domésticos y de compañía. Gracias por este encuentro en Azuay. ",244,605,2.3K
Guillermo Lasso,"En Ecuador hay capacidad para emprender y mujeres líderes que cambian al mundo cada día con su trabajo. 

Ofreceremos talleres gratuitos sobre administración de negocios y acceso a financiamiento para impulsar los emprendimientos. 

#EncontrémonosParaLograrlo",56,123,413
Guillermo Enrique Lasso,"Hoy 
@LassoGuillermo
 atendió la invitación que le extendió 
@AMEcuador
 para dialogar acerca de sus ideas y propuestas para fortalecer y coordinar esfuerzos con todos los municipios para así beneficiar a todos los ciudadanos del Ecuador.",35,192,819
Guillermo Lasso,"El gobierno abierto promueve la innovación, las libertades y el poder de los ciudadanos. Es el camino para involucrar a los ecuatorianos en la toma de decisiones y fortalecer la administración pública. 

¡Gracias por este encuentro! 

#EncontrémonosParaLograrlo",26,56,269
Guillermo Lasso,"Hoy nos encontramos con Organizaciones de la Sociedad Civil y académicos para conversar sobre gobierno abierto, ciudadanía y desarrollo. 

El derecho a la información y la participación deben ser pilares fundamentales para fortalecer la relación del gobierno con los ciudadanos.",52,141,569
Guillermo Lasso,"No te dejes engañar con la campaña sucia de aquellos que se sienten perdidos. Nosotros SUBIREMOS el salario básico. #GuillermoLassoPresidente2021

https://vm.tiktok.com/ZMehf5Ljr/",445,1K,2.7K
Guillermo Lasso,"Gracias a la Asociación Ecuatoriana de Radiodifusión por este espacio para encontrarnos con los ecuatorianos a través de las más de 170 radios que se enlazaron esta mañana a la cadena nacional.

¡Sigamos encontrándonos para escucharnos! 

#EncontrémonosParaEscucharnos",100,166,647
Guillermo Lasso,"La vacunación es fundamental para la salud de las familias. El Dr. 
@ABorreroVega
 ya se encuentra conversando con farmacéuticas, y aprendiendo de países como Chile, Colombia y EEUU para cumplir nuestra meta. La clave es negociar y conseguir la vacuna.

: Cadena Nacional AER.",83,292,1.2K
Guillermo Lasso,"El empleo y el emprendimiento son claves para reactivar la economía y sacar adelante a las familias. Esto es posible con un Ecuador que genere confianza y certidumbre, y que tenga una moneda fuerte. Un país que desdolariza no atrae inversión. 

: Cadena Nacional AER.",185,559,2.4K
Guillermo Lasso,"Conocer la realidad de las mujeres es nuestro deber; no podemos quedarnos de brazos cruzados siendo testigos de estas injusticias.

#EncontrémonosParaEscucharnos y construir un mejor Ecuador.",43,100,417
Guillermo Lasso,"Nuestra propuesta es clara: ser un gobierno comprometido con las luchas de las mujeres y todos los grupos históricamente discriminados. 

#EncontrémonosConLasMujeres",203,448,1.5K
Guillermo Lasso,"Gracias Belén, Alejandra, Juana, Ma. Eugenia, Sofía, Verónica y Ma. José por este maravilloso encuentro en Pichincha. 
@MLAlcivar
 y yo aprendimos mucho de ustedes y de sus luchas por un mejor Ecuador.

El cambio será una realidad encontrándonos. 

#EncontrémonosConLasMujeres",48,134,663
MaLourdes de Lasso,Mi saludo y admiración a todas las mujeres ecuatorianas. #DiaInternacionalDeLaMujer,31,152,658
Guillermo Lasso,"Ser madre no debe limitar la vida profesional. Tanto en el sector público como el privado, promoveremos guarderías con salas de lactancia para que las mujeres continúen con sus trabajos y cuidando a sus hijos. 

: 
@WQRadio_Ec
.",179,461,2.4K
Guillermo Lasso,"Encontrémonos para que nunca más las mujeres pierdan el sueño por la falta de trabajo. 

Abramos espacios en el mercado laboral y construyamos un Ecuador donde todas vivan empoderadas, tengan sus propios ingresos y sean independientes.

#EncontrémonosParaEscucharnos",46,159,454
María Josefa Coronel,"“Todos saben mi posición de defender la vida desde su concepción, y morirè pensando así pero no estoy de acuerdo con una legislación que condene a cárcel una mujer que aborte por violación. Sería terminar de dañarla .. “ dijo 
@LassoGuillermo
  en 
@WQRadio_EC",65,321,1.3K
AsíAmaneció,"Al aire: Periodistas ecuatorianas mujeres participan en programa especial por el #DiaDeLaMujer con el candidato presidencial ⁦
@LassoGuillermo
 por la 102.1fm ⁦
@WQRadio_EC
⁩",22,41,167
Guillermo Lasso,"Hoy y todos los días tenemos la urgencia de escucharnos y actuar por un Ecuador seguro, justo e igualitario para todas las niñas y mujeres. 

#EncontrémonosParaEscucharnos",51,123,394
Guillermo Lasso,"Fue increíble escucharlos tan de cerca, conversar y responder todas sus preguntas. 

Nos encontramos por el empleo para construir un Ecuador con trabajos dignos y bien pagados para todos. 

Pronto tendremos más transmisiones en vivo, #EncontrémonosParaEscucharnos.",149,258,938
Guillermo Lasso,"Nosotros también somos parte del ambiente. Nuestra meta: Un Ecuador socialmente responsable y sostenible en los próximos 20 años. Les comparto unas de las propuestas que conversamos en San Pablo. 

¡La transición ecológica es nuestro norte!

#EncontrémonosPorElAmbiente",50,111,432
Guillermo Lasso,"Un Presidente de la República debe promover el encuentro entre ecuatorianos. Nuestra propuesta busca unir al país y enfrentar las crisis con capacidad y experiencia. Y no solo es conversar, sino acordar y comprometerse al verdadero cambio.  

: 
@Gamavisionecu
.",144,284,1.3K
Guillermo Lasso,"El crecimiento económico nos permitirá impulsar más y mejores programas sociales. Con un Estado PRESENTE y un Gobierno EFICAZ, todas las familias tendrán servicios públicos de calidad y serán parte del progreso.  

: 
@Gamavisionecu
.",130,366,1.7K
Guillermo Lasso,Es parte del pasado que queremos cambiar. En #ElEcuadorDelEncuentro todas y todos tienen cabida para construir la visión de un país unido en la diversidad.,128,122,1K
Guillermo Lasso,"Sin duda en parte de la sociedad ecuatoriana, yo incluido, aún existe mucho desconocimiento sobre la orientación sexual e identidad de género. Lo que sí tengo claro es que estigmatizar estas realidades ha causado dolor y violencia para las personas LGBTI+.",261,411,1.7K
Vamos Guillermo,"Hacemos un llamado al candidato 
@ecuarauz
 a que haga una campaña limpia y no use a los trolls correístas para difundir noticias falsas. 
@LassoGuillermo
 no ha sido vacunado contra el #COVID19 y no ha recibido ninguna “invitación” del Ministro de Salud.",95,296,433
Guillermo Lasso,"El proceso de vacunación debe incluir a más actores. Hoy vemos a un municipio, no solo al Gobierno en la compra de vacunas. Así se llegará a más ecuatorianos. Desde ahora, con el Dr. 
@ABorreroVega
 estamos trabajando en un Plan eficiente y transparente. 

: 
@teleamazonasec
.",143,251,1.2K
Guillermo Lasso,"La economía, la lucha contra la corrupción, la salud y la seguridad ciudadana continuarán siendo pilares fundamentales de nuestro Plan de Gobierno. Con su apoyo, incluiremos más y mejores propuestas de medio ambiente, arte y cultura, mujeres y jóvenes. 

: 
@teleamazonasec
.",72,260,1.1K
Guillermo Lasso,"Hay que adaptarse a los tiempos modernos y hacer cambios. Seguiré siendo el mismo Guillermo Lasso, pero los he escuchado. Estamos listos para trabajar con todos los ciudadanos y llegar al Ecuador del encuentro. 

: 
@teleamazonasec
.",333,632,3.9K
Guillermo Lasso,"Ya estamos en TikTok .

http://vm.tiktok.com/ZMe2QrUyS/",3.1K,3.2K,13.5K
Guillermo Lasso,"No, no estoy vacunado. 

Con 
@ABorreroVega
 estamos trabajando para que se vacunen los 17 millones de ecuatorianos. Saludos.",186,483,1.9K
Guillermo Lasso,"El Dr. 
@ABorreroVega
 tuvo una gran visita en Colombia para estudiar su plan de vacunación. Desde ahora, estamos trabajando por la salud de todos los ecuatorianos. 

Cumpliremos nuestra meta .",70,218,936
Guillermo Lasso,"Agregamos un compromiso: proyectos de agua potable, alcantarillado pluvial y sanitario para prever enfermedades en los ecuatorianos. 

Invito al Ecuador del encuentro, donde las Alcaldías y el Gobierno Nacional puedan trabajar de manera transparente en beneficio de las familias.",33,79,399
Guillermo Lasso,Muchas gracias a quienes se conectaron al EN VIVO. Seguiremos teniendo más encuentros en nuestras redes sociales. Un abrazo.,41,39,351
Guillermo Lasso,"Hola, estamos EN VIVO en mi cuenta de Facebook, vayan y dejen sus preguntas con el hashtag #PuntoDeEncuentro . 

FB: https://facebook.com/LassoGuillermo/videos/230615382090666/…

¡Los espero!",74,69,462
Guillermo Lasso,Durante nuestro Gobierno reformaremos el régimen penitenciario y carcelario para evitar el hacinamiento y cortar las conexiones con las mafias locales e internacionales.,283,261,1.4K
Guillermo Lasso,"Mi total respaldo con la 
@PoliciaEcuador
 ante la nueva crisis que se está sufriendo en la cárceles del país, fruto del hacinamiento y de la influencia del crimen organizado.",598,535,2.6K
Guillermo Lasso,"Felicito a la Señora Fiscal 
@DianaSalazarM2
 por el reconocimiento que recibió del Departamento de Estado de EEUU, por su lucha frontal y eficaz contra la corrupción.",1K,1K,5.1K
Guillermo Lasso,"Vamos a reducir el exceso de impuestos, atraer inversión, abrir la economía al mundo, garantizar los servicios básicos y promover la generación de empleo. Estamos listos para empezar el camino hacia el verdadero cambio. 

: 
@elcomerciocom
.",392,783,3.5K
Guillermo Lasso,"La vacunación debe ser el principal punto del programa económico de un futuro gobierno. Lo dije en primera vuelta. La salud de los ciudadanos ecuatorianos es el primer paso para prender el motor del país y reactivar la economía. 

: 
@elcomerciocom
.",63,230,1K
Guillermo Lasso,"Los jóvenes buscan ser autónomos, quieren emprender y ellos generar empleo. En nuestro gobierno impulsaremos las iniciativas de emprendimiento de cada joven en Ecuador con menos trabas y más libertad. 

: 
@eluniversocom
.",90,215,987
Guillermo Lasso,"Mi campaña en primera vuelta se basó en el empleo, la lucha contra la corrupción, la salud y la seguridad ciudadana. Reconozco que hay causas que movieron el voto de los ecuatorianos que debemos incluir en nuestro Plan de Gobierno.

: 
@eluniversocom
.",198,311,1.7K
Guillermo Lasso,"En nuestro gobierno proponemos:

1. Reparación inmediata e incluirlas en el Programa de Víctimas y Testigos
2. Actuar con celeridad y aplicar máximas penas
3. Trabajar con la sociedad civil y ONG’s en planes de prevención, que luchen contra la violencia hacia las niñas y mujeres",93,168,743
Guillermo Lasso,"Cada niña y mujer tiene el derecho a vivir en paz, sin miedo y segura. Casos como el de Puerto Quito suceden todos los días en Ecuador. Hay que actuar y tomar medidas urgentes. El Estado tiene la responsabilidad de prevenir la violencia de género.",41,128,704
Guillermo Lasso,"Es imperdonable que las niñas y mujeres aún sigan expuestas a esta violencia y abusos. El Estado tiene gran responsabilidad. Hay que mejorar el acceso a la justicia, dar acompañamiento psicológico inmediato a las víctimas y penas máximas a los criminales.",132,283,1K
Guillermo Lasso,"¡Vamos a la segunda vuelta con ánimo y optimismo!

Conmigo siempre habrá el espacio para tener un diálogo frontal y sincero que sume al objetivo de conseguir juntos #ElEcuadorDelEncuentro.",792,1.3K,5.6K
Guillermo Lasso,"Es importante remarcar que la autoridad competente dentro del proceso es el Consejo Nacional Electoral.

No es momento de temores, de defender a personas o intereses particulares. 

Es momento de defender y fortalecer la democracia.",139,530,1.9K
Guillermo Lasso,"Quiero alertar a la ciudadanía que en las últimas horas se han producido hechos que deberían alarmar a todos quienes defendemos la democracia en Ecuador.

1. Se ha retirado parcialmente el resguardo policial al 
@cnegobec
2. Han intervenido algunas autoridades ajenas al proceso.",644,1.3K,3.3K
Guillermo Lasso,"Reconocemos tu voz y te escuchamos. Podemos construir un mejor Ecuador encontrándonos. 

Que la diversidad que nos hace únicos, también nos una. #ElEcuadorDelEncuentro",209,399,1.5K
Guillermo Lasso,"Quiero felicitar a mi querido amigo Michel Deller, conozco de primera mano su garra y pasión. Valores, que sumados al trabajo, han logrado dar forma a lo que es hoy el 
@IDV_EC
. Felicitaciones a él y a todo su equipo.",81,227,1.7K
Guillermo Lasso,"En mis 11 años recorriendo el país, he conversado con miles de familias ecuatorianas que han fortalecido nuestra lucha con sus ideas y propuestas.   

Sigamos escuchándonos y construyendo.

¿Qué les gustaría ver en #ElEcuadorDelEncuentro?",227,362,1.9K
Guillermo Lasso,"Ayer les pregunté qué significaba para ustedes #ElEcuadorDelEncuentro.

Para mí, es un país donde podamos escuchar y construir más y mejores oportunidades. Ese es el camino que nos llevará a la prosperidad y al verdadero cambio.",307,477,2.4K
Guillermo Lasso,"Candidato Pérez, un proceso de diálogo no admite coerción contra las autoridades electorales como la denuncia planteada por usted ante la Fiscalía, intentando presionar para que hagan lo que usted desea y no lo que deben hacer por la transparencia. Eso no es jugar limpio.",32,183,986
Guillermo Lasso,"El recuento solicitado por usted no puede tener dedicatoria, no puede prestarse a la sospecha de fraude. Son las autoridades electorales las que tienen que escoger bajo un método aleatorio las mesas a verificar y no usted.",35,162,925
Guillermo Lasso,Resulta inoficioso y costoso en tiempo y recursos económicos verificar contablemente votos en provincias donde usted me ganó ampliamente y yo no las he objetado.,51,179,1K
Guillermo Lasso,"El acuerdo quedó en manos de la autoridad electoral para definir detalles de recintos y mesas sobre las que se realizaría la verificación contable de votos. En ningún caso se acordó que sería usted, como lo ha dicho en su carta el sáb. 13, quien escoja las mesas. No es correcto.",58,191,969
Guillermo Lasso,"Señor candidato 
@yakuperezg
 para mí la política no es un juego, es una permanente actitud de servicio a todos los ecuatorianos sin discriminación alguna.",785,1K,5.1K
Guillermo Lasso,"Hoy he presentado una carta a 
@DianaAtamaint
, presidenta del CNE, sobre el proceso de reconteo de votos acordado el viernes 12.

Les comparto el documento.",855,1K,2.6K
Guillermo Lasso,,88,160,2.2K
Guillermo Lasso,Luchemos juntos por Ecuador.,248,847,3.3K
Guillermo Lasso,Y aquí le comparto el documental Propagandia.,115,416,1.2K
Guillermo Lasso,"En 1 minuto estamos EN VIVO.

Los esperamos en Facebook. 

#EcuadorUNIDO",41,43,340
Guillermo Lasso,"Hoy, a las 18h15, mis declaraciones sobre el proceso electoral.

FB: https://facebook.com/LassoGuillermo/posts/5072120476162488…

#EcuadorUNIDO",98,191,906
Guillermo Lasso,"De acuerdo con 
@xhervas
, ese es el camino. Debemos unirnos y apoyar la opción democrática que los ecuatorianos decidan que pase a la segunda vuelta. Y luego llegar a acuerdos de gobernabilidad.",1.1K,1.8K,7.4K
Guillermo Lasso,"Hay que respetar la voluntad popular expresada el 7 de febrero por lo que todos los votos deben ser contados.  

Hago un llamado a la tranquilidad mientras esperamos los resultados oficiales y a la unidad, a los que creemos en la democracia y en las oportunidades para todos.",934,939,5.5K
Pablo Arosemena Marriott,"Hoy, como con todo lo relevante en la vida, hay que ser PACIENTES y PERSEVERANTES.

¡Ánimo amigos que aún no se acaba el partido!

Guillermo Lasso sigue siendo la mejor propuesta para ganar las elecciones y lograr un Ecuador con oportunidades para todos. ",152,110,575
Guillermo Lasso,¡ESTO AÚN NO TERMINA!,589,585,2.3K
Guillermo Enrique Lasso,"El proceso de conteo de las “actas con novedad” no es un “pedido” de nadie. La ley manda a que se cuenten el 100% de los votos, estas “actas con novedad” contienen parte (buena parte) de ese 100%. Por eso, paciencia y tranquilidad hasta entonces. #Elecciones2021Ec",88,148,766
Guillermo Lasso,"¡SEGUIMOS! 

Únete al Informativo CAMBIO 2021, donde podrás enterarte de las noticias de este proceso electoral y las votaciones de los candidatos de 
@CREOEcuador
 . Empezamos 15h00 .

FB: https://facebook.com/LassoGuillermo/posts/5054950274546175…
YT: https://youtu.be/Hr6MhVN70T0

#EcuadorConLasso
#YaVotéPorElCambio",53,108,536
Guillermo Lasso,"EL CAMBIO YA SE SIENTE EN TODO EL ECUADOR .

¡VOTA TODO 21-6!

#EcuadorConLasso
#YaVotéPorElCambio",65,165,837
Guillermo Lasso,"TU VOTO POR LA 21-6 RESCATARÁ AL ECUADOR .  

#EcuadorConLasso
#YaVotéPorElCambio",82,261,1.3K
Guillermo Lasso,"EL CAMBIO VIENE Y ES IMPARABLE .  

#EcuadorConLasso
#YaVotéPorElCambio",170,561,3.2K
Guillermo Lasso,"¡VOTA TODO 21-6 PARA LASSO PRESIDENTE!

#EcuadorConLasso
#YaVotéPorElCambio",54,211,1K
Guillermo Lasso,"“He votado por Guillermo Lasso” - 
@jaimenebotsaadi
. 

Gracias a 
@La6Ecuador
 por su apoyo a esta lucha por un mejor Ecuador .

#EcuadorConLasso
#YaVotéPorElCambio",86,312,1.5K
Guillermo Lasso,"Únete al Informativo CAMBIO 2021 donde podrás conocer el minuto a minuto del proceso electoral y la votación de los candidatos de la LISTA 21 este 7 DE FEBRERO desde las 9H00.

FB: https://facebook.com/LassoGuillermo/posts/5052416844799518…
YT: https://youtu.be/EyBT-6vj6xY

#EcuadorConLasso
#YaVotéPorElCambio",42,116,353
Guillermo Lasso,"TENEMOS LA CAPACIDAD PARA RESCATAR AL ECUADOR .  

¡VOTA TODO 21-6!   

#EcuadorConLasso
#YaVotéPorElCambio",104,463,2.1K
Guillermo Lasso,"El Ecuador hoy vota por el cambio y la prosperidad.

¡VOTA TODO 21-6!

#EcuadorConLasso
#YaVotéPorElCambio",54,155,579
Guillermo Lasso,"¡VOTA TODO 21-6!

#EcuadorConLasso
#YaVotéPorElCambio",86,279,1.1K
Guillermo Lasso,"Tu voto cambiará la historia del Ecuador.

Tienes una responsabilidad con tu familia y tu propio futuro. Hoy, escoge la opción del empleo, las oportunidades y la unidad.

¡VOTA TODO 21-6!

#EcuadorConLasso
#YaVotéPorElCambio",67,234,935
Guillermo Lasso,"¡ESTE ES EL ECUADOR DEL EMPLEO!

El que juntos vamos a lograr con #CapacidadParaCambiar .

VOTA TODO 21-6 . 

#EcuadorConLasso
#LassoPresidente2021",157,319,1K
Guillermo Lasso,"Ecuador y Guayaquil votan todo 21-6, la opción con la CAPACIDAD PARA CAMBIAR. 
@creoecuador
 @la6ecuador
 

#EcuadorConLasso
#LassoPresidente2021",62,254,916
Guillermo Lasso,"Gracias Presidente 
@tutoquiroga
 por su mensaje y apoyo a esta causa. América Latina volverá a ser una región próspera y llena de oportunidades. Este 7 de febrero, #EcuadorConLasso . Un abrazo.",71,307,1K
Guillermo Lasso,"Promoveremos un amplio programa de inversión que genere empleo y valor para la sociedad ecuatoriana . 

#EcuadorConLasso
#LassoPresidente2021",48,244,963
Guillermo Lasso,"Por un empleo digno, bien pagado y con seguridad social, VOTA TODO 21-6 . 

¡Tenemos la #CapacidadParaCambiar!

#EcuadorConLasso
#LassoPresidente2021",61,256,960
Guillermo Lasso,"¡Más ecuatorianos se unen al CAMBIO! 

Gracias a Beto, el ganador de #MasterChefEcuador, por su apoyo a nuestra lucha. 

Juntos trabajaremos para RESCATAR AL ECUADOR . 

#EcuadorConLasso
#LassoPresidente2021",70,265,945
Guillermo Lasso,"Durante los 4 años de gobierno vamos a provocar un SHOCK DE INVERSIÓN para la generación de empleo. ¡Abriremos la puerta de las oportunidades! Trabajaremos por la prosperidad de todos . 

: 
@Vera_ASuManera
.

#EcuadorConLasso",54,149,598
Guillermo Lasso,"Yo quiero construir unidad en el Ecuador. ¡Unidos respetando la diversidad! No es lo más común en la política, pero ante las crisis que enfrentamos debemos escoger al país primero. 

: 
@Vera_ASuManera
.

#EcuadorConLasso",47,157,620
Guillermo Lasso,"Jamás apoyaré a quienes negocian con terroristas en el exterior y reciben dinero para su campaña, a quienes han perseguido a los ecuatorianos y destruido al país. Que ellos se queden en el pasado, este 7 de febrero VOTA POR EL CAMBIO .

: #VeraASuManera.

#EcuadorConLasso",234,748,3.1K
Guillermo Lasso,"Hoy, 4 de febrero, entrevista con 
@CarlosVerareal
 en 
@tctelevision
 . 

Podrán acompañarme en nuestra transmisión EN VIVO desde mis redes sociales .

FB: https://facebook.com/LassoGuillermo/posts/5042286369145899…
YT: https://youtu.be/CniYRzTl1Pk

#LassoPresidente2021 
#EcuadorConLasso 
#LassoYaGanó",43,76,271
Guillermo Lasso,"LASSO PRESIDENTE 2021 .

#EcuadorConLasso
#LassoYaGanó",70,299,1.4K
Guillermo Lasso,"Mi compañera de vida .

#EcuadorConLasso
#LassoYaGanó",98,369,2.7K
Guillermo Lasso,"¡UNIDOS POR EL ECUADOR! 

Este 7 de febrero, el CAMBIO está en tus manos. Votar por la 21-6 es votar por el empleo y un país de oportunidades .

#EcuadorConLasso
#LassoYaGanó",64,204,777
Guillermo Lasso,"¡HOY! 

Te esperamos en la 9 de octubre para celebrar la llegada del CAMBIO .

VAMOS CON CAPACIDAD PARA CAMBIAR .

#CapacidadParaCambiar 
#LassoPresidente2021",35,116,464
Guillermo Lasso,"¡LOS SUBSIDIOS SON PARA LOS POBRES!

#CapacidadParaCambiar
#LassoPresidente2021",41,140,471
Guillermo Lasso,"Tenemos una gran tarea por delante: superar la crisis económica, sanitaria, de seguridad ciudadana y de corrupción. Contamos con el Plan de Gobierno y un gran grupo de ecuatorianos para empezar el CAMBIO. 

: Rueda de Prensa en Guayaquil. 

#LassoPresidente2021",24,141,560
Guillermo Lasso,"El Estado no tiene un solo centavo. Por eso tenemos que promover la inversión para la generación de empleo. 

QUE EL ECUADOR VUELVA A SER UN PAÍS PRÓSPERO .

: Rueda de Prensa en Guayaquil. 

#LassoPresidente2021",53,207,883
Guillermo Lasso,"El pueblo ecuatoriano está cansado de 14 años de Socialismo del Siglo XXI. ¡Quieren el CAMBIO! Nosotros representamos la alternativa de los empleos bien pagados, una economía en crecimiento y oportunidades para todos.

: Rueda de Prensa en Guayaquil. 

#LassoPresidente2021",280,710,2.6K
Guillermo Lasso,"¡GRAN DÍA DE CAMPAÑA EN GUAYAQUIL!

El 7 de febrero, vamos a ganar esta elección para lograr una democracia plena, gozar de libertad y construir un país próspero. 

El CAMBIO empieza votando por la alianza 21-6 . 

: Rueda de Prensa en Guayaquil. 

#LassoPresidente2021",45,157,573
Guillermo Lasso,"¡AHORA! Los invito a acompañarme en la Rueda de Prensa por el CIERRE DE CAMPAÑA en Guayaquil .

Únanse al CAMBIO en los siguientes links .

FB: https://facebook.com/LassoGuillermo/posts/5040837065957496…
YT: https://youtube.com/watch?v=XxCGUDmwX0s…

#LassoPresidente2021",17,99,323
Guillermo Lasso,"Vamos a trabajar en conjunto para darle de comer a todas las personas que se encuentran en condición de pobreza. Con experiencia y capacidad lograremos construir un Guayaquil lleno de oportunidades.

: Encuentro con 
@CynthiaViteri6
.

#LassoPresidente2021",56,154,672
Guillermo Lasso,"¡LA GRAN FIESTA DEL CAMBIO! 

Acompáñanos mañana en una caravana por Guayaquil con 
@jaimenebotsaadi
, 
@CREOEcuador
 y 
@La6Ecuador
 . 

Te esperamos con tu familia, amigos y todos tus seres queridos en la 9 de Octubre.

#LassoPresidente2021",121,248,689
Guillermo Lasso,"¡SALGAMOS A VOTAR! 

Sigamos los protocolos y las recomendaciones, y juntos evitemos el sufrimiento de 4 años más del Socialismo del Siglo XXI. 

En estas elecciones, EL CAMBIO VIENE CON LA 21-6 . 

: Cierre de campaña en Cuenca.

#LassoPresidente2021",96,370,1.3K
Guillermo Lasso,"No dejes que otros decidan por ti, sal tú a decidir por tus hijos, tus nietos, tu familia y TU FUTURO. 

VOTAR POR LA ALIANZA 21-6 ES VOTAR POR UN ECUADOR DE OPORTUNIDADES . 

: Cierre de campaña en Cuenca.

#LassoPresidente2021",85,399,1.4K
Guillermo Lasso,"¡GRAN CIERRE DE CAMPAÑA EN CUENCA! 

El 7 de febrero será un día histórico. Unidos empezaremos a construir un Ecuador con empleo, seguridad ciudadana, salud y educación, y oportunidades para todos. 

VOTA TODO 21-6 .

#CapacidadParaCambiar 
#LassoPresidente2021",41,171,639
Guillermo Lasso,"Que a las familias ecuatorianas nunca más les haga falta agua potable en sus hogares. 

Desde la Presidencia, LLEVAREMOS AGUA A TODO EL ECUADOR. 

#AguaParaEcuador 
#CapacidadParaCambiar
#LassoPresidente2021",50,136,357
Guillermo Lasso,"No experimentemos más con el Ecuador, no ensayemos con recetas fracasadas.

Este 7 de febrero, VOTA POR LA CAPACIDAD PARA CAMBIAR .

#LassoPresidente2021",89,342,1K
Guillermo Lasso,"¡RESCATAREMOS AL ECUADOR! 

#CapacidadParaCambiar 
#LassoPresidente2021",96,203,675
Guillermo Lasso,"¡ESTAMOS EN VIVO! Nos pueden acompañar en este recorrido con 
@La6Ecuador
 desde mi Facebook .

Les comparto el link: https://facebook.com/LassoGuillermo/videos/714373272807170…

Un abrazo a todos los manabitas.

#CapacidadParaCambiar
#LassoPresidente2021",30,59,208
Guillermo Lasso,"¡AHORA! Estamos recorriendo la maravillosa ciudad de Manta con 
@La6Ecuador
 . Muchas gracias por su cariño y apoyo en este gran visita por Manabí. 

EL CAMBIO YA LLEGA .

#CapacidadParaCambiar 
#LassoPresidente2021",68,206,938
Guillermo Lasso,"Los dos objetivos prioritarios de mi gobierno serán: Plan de Vacunación y MANO DE HIERRO para luchar contra la delincuencia.

#CapacidadParaCambiar
#LassoPresidente2021",68,216,694
Guillermo Lasso,"HAY QUE ATRAER LA INVERSIÓN .

Tenemos la capacidad de establecer alianzas público - privadas que nos permitirán dar solvencia al Estado y generar confianza local e internacional para poder reactivar la economía. 

: Rueda de Prensa en Portoviejo. 

#LassoPresidente2021",43,162,572
Guillermo Lasso,"Mis propuestas para Manabí: Créditos a 30 años plazo y al 1% de interés, junto con obras de infraestructura en proyectos vecinales para el agro. Además, impulsaremos programas de agua potable y electricidad. 

: Rueda de Prensa en Portoviejo. 

#LassoPresidente2021",166,314,1.1K
Guillermo Lasso,"MANABÍ TENDRÁ AUTONOMÍA Y PROSPERIDAD. 

Los manabitas podrán asumir las competencias del agua y la electricidad, junto con la administración del puerto de Manta y el aeropuerto a través de una JUNTA CÍVICA.

: Rueda de Prensa en Portoviejo.

#LassoPresidente2021",50,206,670
Santi Lasso - Saxalo,"El presidente de Argentina deja colgado a #DesdolArauz con las vacunas. MENTIRA AL DESCUBIERTO en campaña.

¿Se acuerdan de la inversión de Tesla en Yachay en 2017? ¿No? Exacto, no existió. También fue mentira en plena campaña.

#BucArauz es el #NuevoMoreno por donde se lo vea.",86,923,1.9K
Guillermo Lasso,"Chone y Manabí apoyan a los candidatos de 
@CREOEcuador
, el aumento del salario básico hasta $500, la vacunación a 9 millones de ecuatorianos y el CAMBIO.

Con 
@TanllyVera
 y todos los #AsambleístasDelCAMBIO vamos por la prosperidad de los manabitas.

#LassoPresidente2021",60,201,709
Guillermo Lasso,"Con miras al 7 de febrero, en breve tendremos una entrevista con 
@soyfdelrincon
 en el programa #Conclusiones de 
@CNNEE
. 

Los espero a las 22h00.

#CapacidadParaCambiar 
#LassoPresidente2021",47,148,560
Guillermo Lasso,¡La futura Primera Dama del Ecuador! ,763,898,7K
Guillermo Lasso,"En tus manos está la capacidad de implementar un sistema de salud gratuito y de calidad en todo el Ecuador. 

Este 7 de febrero, juntos tenemos la #CapacidadParaCambiar votando por la alianza 21-6.

#ElCambioEstáEnTusManos 
#LassoPresidente2021",59,185,602
Guillermo Lasso,"Los subsidios SON PARA LOS POBRES. No son para los ricos, ni para el narcotráfico, ni para el contrabando. 

#CapacidadParaCambiar 
#LassoPresidente2021",68,239,714
Guillermo Lasso,"En 6 días tenemos una responsabilidad histórica: VOTAR POR LA CAPACIDAD PARA CAMBIAR . 

En estas elecciones, #ElCambioEstáEnTusManos .

#LassoPresidente2021",138,574,2.1K
Guillermo Lasso,"Las 4 claves de mi Plan de Gobierno: fortalecer la dolarización, luchar contra la delincuencia, aumentar el salario básico hasta $500 y vacunar a 9 millones de ecuatorianos en 100 días.

#CapacidadParaCambiar
#LassoPresidente2021",134,464,1.2K
Guillermo Lasso,"Desde la Presidencia, trabajaremos con todas las prefecturas. En Guayas, junto a 
@6SusanaGonzalez
, lucharemos por modernizar la red vial, reactivar la economía e impulsar el desarrollo provincial.

#LassoPresidente2021",70,184,757
Guillermo Lasso,"El primer deber del Estado es proteger la vida de los ciudadanos. 

Por eso daremos todo nuestro respaldo a las fuerzas públicas del Ecuador. 

#CapacidadParaCambiar 
#LassoPresidente2021",63,205,601
Guillermo Lasso,"En tus manos, tienes la capacidad de cambiar el futuro del emprendimiento.

Construiremos un país con LIBERTAD PARA EMPRENDER, donde los negocios crezcan y generen más y mejores oportunidades laborales para las mujeres, los jóvenes y todos los ecuatorianos.

#LassoPresidente2021",83,252,694
